id,title,question,context,answers
1,Intro Abundant Life Planning Framework,Who developed the Abundant Life Planning Framework?,"The Abundant Life Planning Framework, developed by business professor and serial entrepreneur Bob Nuebert from the University at Buffalo in New York, is designed to help students gain a clear vision of their life goals and the steps needed to achieve them.",bob nuebert
2,Intro Abundant Life Planning Framework,What is Bob Nuebert's profession?,"The Abundant Life Planning Framework, developed by business professor and serial entrepreneur Bob Nuebert from the University at Buffalo in New York, is designed to help students gain a clear vision of their life goals and the steps needed to achieve them.",business professor and serial entrepreneur
3,Intro Abundant Life Planning Framework,Which university is Bob Nuebert affiliated with?,"The Abundant Life Planning Framework, developed by business professor and serial entrepreneur Bob Nuebert from the University at Buffalo in New York, is designed to help students gain a clear vision of their life goals and the steps needed to achieve them.",university at buffalo
4,Intro Abundant Life Planning Framework,What city is the University at Buffalo located in?,"The Abundant Life Planning Framework, developed by business professor and serial entrepreneur Bob Nuebert from the University at Buffalo in New York, is designed to help students gain a clear vision of their life goals and the steps needed to achieve them.",new york
5,Intro Abundant Life Planning Framework,What is the main purpose of the Abundant Life Planning Framework?,"The Abundant Life Planning Framework, developed by business professor and serial entrepreneur Bob Nuebert from the University at Buffalo in New York, is designed to help students gain a clear vision of their life goals and the steps needed to achieve them.",to help students gain a clear vision of their life goals and the steps needed to achieve them
6,Intro Abundant Life Planning Framework,What technique does the framework use?,"This framework employs a technique called backcasting, where students first envision their ultimate goals. They then work backward to identify each preceding step necessary to reach that goal, iterating this process until they arrive at their current situation.",backcasting
7,Intro Abundant Life Planning Framework,What do students first imagine in the backcasting technique?,"This framework employs a technique called backcasting, where students first envision their ultimate goals. They then work backward to identify each preceding step necessary to reach that goal, iterating this process until they arrive at their current situation.",envision their ultimate goals
8,Intro Abundant Life Planning Framework,"After imagining their end goal, what do students do next in backcasting?","This framework employs a technique called backcasting, where students first envision their ultimate goals. They then work backward to identify each preceding step necessary to reach that goal, iterating this process until they arrive at their current situation.",work backward to identify each preceding step necessary to reach that goal
9,Intro Abundant Life Planning Framework,"To what point do students backcast their steps?
","This framework employs a technique called backcasting, where students first envision their ultimate goals. They then work backward to identify each preceding step necessary to reach that goal, iterating this process until they arrive at their current situation.",until they arrive at their current situation
10,Intro Abundant Life Planning Framework,What must students determine to follow the steps effectively?,"To effectively follow these steps, students must also identify the capabilities, habits, and mindsets required to achieve their goals. The end result is a comprehensive roadmap outlining specific actions a student needs to take, along with the development of essential capabilities, habits, and mindsets along the way. This roadmap provides clarity on the actions needed to progress in the right direction.","the capabilities, habits, and mindsets required to achieve their goals"
11,Intro Abundant Life Planning Framework,What is the end goal of the framework?,"To effectively follow these steps, students must also identify the capabilities, habits, and mindsets required to achieve their goals. The end result is a comprehensive roadmap outlining specific actions a student needs to take, along with the development of essential capabilities, habits, and mindsets along the way. This roadmap provides clarity on the actions needed to progress in the right direction.","comprehensive roadmap outlining specific actions a student needs to take, along with the development of essential capabilities, habits, and mindsets along the way"
12,Intro Abundant Life Planning Framework,What does the roadmap provide for the students?,"To effectively follow these steps, students must also identify the capabilities, habits, and mindsets required to achieve their goals. The end result is a comprehensive roadmap outlining specific actions a student needs to take, along with the development of essential capabilities, habits, and mindsets along the way. This roadmap provides clarity on the actions needed to progress in the right direction.",clarity on the actions needed to progress in the right direction
13,Intro Abundant Life Planning Framework,Are the goals set by the framework fixed or flexible?,"It is important to note that these goals are flexible and can be adjusted as needed. They serve as a guiding light, helping students stay oriented toward their desired outcomes, even as circumstances change.",flexible and can be adjusted as needed
14,Intro Abundant Life Planning Framework,What purpose do these goals serve?,"It is important to note that these goals are flexible and can be adjusted as needed. They serve as a guiding light, helping students stay oriented toward their desired outcomes, even as circumstances change.","as a guiding light, helping students stay oriented toward their desired outcomes, even as circumstances change"
15,Intro Abundant Life Planning Framework,Can the goals be changed at any time?,"It is important to note that these goals are flexible and can be adjusted as needed. They serve as a guiding light, helping students stay oriented toward their desired outcomes, even as circumstances change.",can be adjusted
16,Advices before Abundant Life Planning,What is the first step before developing a personal Abundant Life Plan?,"Before developing a personal Abundant Life Plan, it’s important for students to think big. Thinking big means going beyond societal standards and becoming the hero of their own story.",think big
17,Advices before Abundant Life Planning,What does thinking big mean?,"Before developing a personal Abundant Life Plan, it’s important for students to think big. Thinking big means going beyond societal standards and becoming the hero of their own story.",going beyond societal standards and becoming the hero of their own story
18,Advices before Abundant Life Planning,Why should students reflect on their belief systems?,Students should also reflect on their belief systems and determine whether these beliefs help or hinder their goals.,determine whether these beliefs help or hinder their goals
19,Advices before Abundant Life Planning,What is an example of a dysfunctional belief?,"Here are some examples of dysfunctional beliefs:
""Life is short, enjoy every moment."" This belief can convince students that it’s not worth working for their dreams because “life is too short.” As a result, they may focus on short-term pleasures instead of aiming for bigger, long-term goals.","""life is short, enjoy every moment."""
20,Advices before Abundant Life Planning,"Why is the belief ""Life is short, enjoy every moment"" considered dysfunctional?","""Life is short, enjoy every moment."" This belief can convince students that it’s not worth working for their dreams because “life is too short.” As a result, they may focus on short-term pleasures instead of aiming for bigger, long-term goals.",can convince students that it’s not worth working for their dreams because “life is too short.”
21,Advices before Abundant Life Planning,What is the consequence of the belief that life is too short?,"""Life is short, enjoy every moment."" This belief can convince students that it’s not worth working for their dreams because “life is too short.” As a result, they may focus on short-term pleasures instead of aiming for bigger, long-term goals.","short-term pleasures instead of aiming for bigger, long-term goals"
22,Advices before Abundant Life Planning,"What is important to understand when considering the belief ""Follow your passion""?","""Follow your passion."" It's important to understand the difference between passion and purpose. Let's define these terms:
Passion is an intense and enthusiastic emotion or desire.
Purpose is the reason something exists or is done.",the difference between passion and purpose.
23,Advices before Abundant Life Planning,How is passion defined?,"""Follow your passion."" It's important to understand the difference between passion and purpose. Let's define these terms:
Passion is an intense and enthusiastic emotion or desire.
Purpose is the reason something exists or is done.",an intense and enthusiastic emotion or desire
24,Advices before Abundant Life Planning,How is purpose defined?,"""Follow your passion."" It's important to understand the difference between passion and purpose. Let's define these terms:
Passion is an intense and enthusiastic emotion or desire.
Purpose is the reason something exists or is done.",the reason something exists or is done
25,Advices before Abundant Life Planning,What does passion focus on?,"Passion focuses on the present and is about immediate joy and excitement, while purpose focuses on the future and considers long-term goals and broader impact.",focuses on the present and is about immediate joy and excitement
26,Advices before Abundant Life Planning,What does purpose focus on?,"Passion focuses on the present and is about immediate joy and excitement, while purpose focuses on the future and considers long-term goals and broader impact.",focuses on the future and considers long-term goals and broader impact
27,Advices before Abundant Life Planning,How does passion cater to interests?,"Individual vs. Collective: Passion caters to personal interests, whereas purpose emphasizes positive effects on others or society.",caters to personal interests
28,Advices before Abundant Life Planning,What does purpose emphasize?,"Individual vs. Collective: Passion caters to personal interests, whereas purpose emphasizes positive effects on others or society.",positive effects on others or society
29,Advices before Abundant Life Planning,How is passion characterized in terms of intensity and pursuits?,"Intensity vs. Direction: Passion is intense and connected to specific pursuits, while purpose provides direction and fulfillment.","passion is intense and connected to specific pursuits
"
30,Advices before Abundant Life Planning,How does purpose provide fulfillment?,"Intensity vs. Direction: Passion is intense and connected to specific pursuits, while purpose provides direction and fulfillment.",provides direction and fulfillment
31,Advices before Abundant Life Planning,How does passion vary among individuals?,"Subjective vs. Objective: Passion varies from person to person, while purpose involves a sense of duty or contribution to the greater good.",passion varies from person to person
32,Advices before Abundant Life Planning,What does purpose involve in terms of duty?,"Subjective vs. Objective: Passion varies from person to person, while purpose involves a sense of duty or contribution to the greater good.",a sense of duty or contribution to the greater good
33,Advices before Abundant Life Planning,What is the designed framework for students aiming to achieve a lot in life?,"This framework is designed for students who aim to achieve a lot in life by following their purpose. However, they should also use their passions to avoid burnout and boredom.",following their purpose
34,Advices before Abundant Life Planning,How can students avoid burnout and boredom according to the framework?,"This framework is designed for students who aim to achieve a lot in life by following their purpose. However, they should also use their passions to avoid burnout and boredom.",use their passions
35,Advices before Abundant Life Planning,What is the broader impact of having a purpose?,"Passion focuses on the present and is about immediate joy and excitement, while purpose focuses on the future and considers long-term goals and broader impact.",purpose focuses on the future and considers long-term goals
36,Advices before Abundant Life Planning,What should students do after thinking big?,Students should also reflect on their belief systems and determine whether these beliefs help or hinder their goals.,reflect on their belief systems and determine whether these beliefs help or hinder their goals
37,Advices before Abundant Life Planning,What is the goal of reflecting on one's belief system?,Students should also reflect on their belief systems and determine whether these beliefs help or hinder their goals.,determine whether these beliefs help or hinder their goals
38,Advices before Abundant Life Planning,Give another example of a dysfunctional belief.,"""Follow your passion."" It's important to understand the difference between passion and purpose.","""follow your passion."""
39,Advices before Abundant Life Planning,What is a key difference between passion and purpose in terms of focus?,"Focus: Passion focuses on the present and is about immediate joy and excitement, while purpose focuses on the future and considers long-term goals and broader impact.","passion focuses on the present and is about immediate joy and excitement, while purpose focuses on the future and considers long-term goals and broader impact"
40,Advices before Abundant Life Planning,How does purpose relate to long-term goals?,"Focus: Passion focuses on the present and is about immediate joy and excitement, while purpose focuses on the future and considers long-term goals and broader impact.",purpose focuses on the future and considers long-term goals and broader impact
41,Advices before Abundant Life Planning,In what way does passion differ from purpose in terms of individual and collective focus?,"Individual vs. Collective: Passion caters to personal interests, whereas purpose emphasizes positive effects on others or society.","passion caters to personal interests, whereas purpose emphasizes positive effects on others or society"
42,Advices before Abundant Life Planning,What is the intensity difference between passion and purpose?,"Intensity vs. Direction: Passion is intense and connected to specific pursuits, while purpose provides direction and fulfillment.","passion is intense and connected to specific pursuits, while purpose provides direction and fulfillment"
43,Advices before Abundant Life Planning,How is purpose characterized in terms of objectivity?,"Subjective vs. Objective: Passion varies from person to person, while purpose involves a sense of duty or contribution to the greater good.",purpose involves a sense of duty or contribution to the greater good
44,Advices before Abundant Life Planning,What role do passions play in avoiding burnout,"This framework is designed for students who aim to achieve a lot in life by following their purpose. However, they should also use their passions to avoid burnout and boredom.",they should also use their passions to avoid burnout and boredom
45,Advices before Abundant Life Planning,What is a characteristic of passion in terms of emotional involvement?,"""Follow your passion."" It's important to understand the difference between passion and purpose. Let's define these terms:
Passion is an intense and enthusiastic emotion or desire.
Purpose is the reason something exists or is done.",passion is an intense and enthusiastic emotion or desire
46,Advices before Abundant Life Planning,How does purpose affect one's broader impact?,"Focus: Passion focuses on the present and is about immediate joy and excitement, while purpose focuses on the future and considers long-term goals and broader impact.",purpose focuses on the future and considers long-term goals
47,Advices before Abundant Life Planning,What should students focus on to achieve a lot in life?,"This framework is designed for students who aim to achieve a lot in life by following their purpose. However, they should also use their passions to avoid burnout and boredom.",following their purpose
48,Advices before Abundant Life Planning,"Why might students be misled by the belief ""Life is short, enjoy every moment""?","""Life is short, enjoy every moment."" This belief can convince students that it’s not worth working for their dreams because “life is too short.” As a result, they may focus on short-term pleasures instead of aiming for bigger, long-term goals.",this belief can convince students that it’s not worth working for their dreams
49,Advices before Abundant Life Planning,How does purpose provide direction?,"Passion focuses on the present and is about immediate joy and excitement, while purpose focuses on the future and considers long-term goals and broader impact.
",considers long-term goals and broader impact
50,Advices before Abundant Life Planning,What is a key difference between passion and purpose in terms of direction?,"Intensity vs. Direction: Passion is intense and connected to specific pursuits, while purpose provides direction and fulfillment.","passion is intense and connected to specific pursuits, while purpose provides direction and fulfillment"
51,Advices before Abundant Life Planning,Why is understanding the difference between passion and purpose important?,"Focus: Passion focuses on the present and is about immediate joy and excitement, while purpose focuses on the future and considers long-term goals and broader impact.",long-term goals and broader impact
52,Advices before Abundant Life Planning,"How does the belief ""Follow your passion"" differ from ""Follow your purpose""?","""Follow your passion."" It's important to understand the difference between passion and purpose. Let's define these terms:
Passion is an intense and enthusiastic emotion or desire.
Purpose is the reason something exists or is done.","passion is an intense and enthusiastic emotion or desire.
purpose is the reason something exists or is done."
53,Advices before Abundant Life Planning,What does thinking big help students to become?,"Before developing a personal Abundant Life Plan, it’s important for students to think big. Thinking big means going beyond societal standards and becoming the hero of their own story.",becoming the hero of their own story
54,Advices before Abundant Life Planning,What is the benefit of having a purpose in life?,"Individual vs. Collective: Passion caters to personal interests, whereas purpose emphasizes positive effects on others or society.",positive effects on others or society
55,Advices before Abundant Life Planning,How can understanding one's purpose contribute to a greater good?,"Subjective vs. Objective: Passion varies from person to person, while purpose involves a sense of duty or contribution to the greater good.",purpose involves a sense of duty or contribution
56,Dream Plan Do Model,What is the first step in the Dream Plan Do Model?,"Creating a beautiful life can be as simple as incorporating the Dream Plan Do Model, which consists of the following steps:
Start with a dream.
Plan your actions.
Do the necessary steps.",start with a dream
57,Dream Plan Do Model,What does the second step of the Dream Plan Do Model involve?,"Creating a beautiful life can be as simple as incorporating the Dream Plan Do Model, which consists of the following steps:
Start with a dream.
Plan your actions.
Do the necessary steps.",plan your actions
58,Dream Plan Do Model,What is required in the third step of the Dream Plan Do Model?,"Creating a beautiful life can be as simple as incorporating the Dream Plan Do Model, which consists of the following steps:
Start with a dream.
Plan your actions.
Do the necessary steps.",do the necessary steps
59,Dream Plan Do Model,What does following the Dream Plan Do Model help you achieve?,"By following this model, you can achieve greater success and fulfillment. However, this journey also requires you to climb the Confidence Staircase.",greater success and fulfillment
60,Dream Plan Do Model,What additional journey does the Dream Plan Do Model require you to undertake?,"By following this model, you can achieve greater success and fulfillment. However, this journey also requires you to climb the Confidence Staircase.",climb the confidence staircas
61,Dream Plan Do Model,What is the Confidence Staircase made up of?,"The Confidence Staircase is made up of mindsets you need to develop to reach higher levels of success. When you first start, you need to be committed to your actions. Commitment is a firm decision or promise to pursue your goals.",mindsets you need to develop
62,Dream Plan Do Model,What is the first mindset you need to develop on the Confidence Staircase?,"The Confidence Staircase is made up of mindsets you need to develop to reach higher levels of success. When you first start, you need to be committed to your actions. Commitment is a firm decision or promise to pursue your goals.",committed to your actions
63,Dream Plan Do Model,"How is ""Commitment"" defined in the text?","The Confidence Staircase is made up of mindsets you need to develop to reach higher levels of success. When you first start, you need to be committed to your actions. Commitment is a firm decision or promise to pursue your goals.",a firm decision or promise to pursue your goals
64,Dream Plan Do Model,What step follows Commitment on the Confidence Staircase?,"After maintaining your commitment for a while, you'll encounter the ""Discomfort"" step. Discomfort arises when you're doing something for the first time or when you're still a beginner. It requires you to be vulnerable and persist even when you don’t feel like it.",discomfort
65,Dream Plan Do Model,When does Discomfort naturally occur?,"After maintaining your commitment for a while, you'll encounter the ""Discomfort"" step. Discomfort arises when you're doing something for the first time or when you're still a beginner. It requires you to be vulnerable and persist even when you don’t feel like it.",when you're doing something for the first time or when you're still a beginner
66,Dream Plan Do Model,What does Discomfort require you to do?,"After maintaining your commitment for a while, you'll encounter the ""Discomfort"" step. Discomfort arises when you're doing something for the first time or when you're still a beginner. It requires you to be vulnerable and persist even when you don’t feel like it.",be vulnerable and persist even when you don’t feel like it
67,Dream Plan Do Model,What step comes after Discomfort on the Confidence Staircase?,"Once you overcome Discomfort, you reach the ""Courage"" step. Courage involves taking bold actions and pushing beyond mediocrity. Courage can only develop after you recognize that Discomfort is beneficial and helps you progress.",courage
68,Dream Plan Do Model,What does Courage involve?,"Once you overcome Discomfort, you reach the ""Courage"" step. Courage involves taking bold actions and pushing beyond mediocrity. Courage can only develop after you recognize that Discomfort is beneficial and helps you progress.",taking bold actions and pushing beyond mediocrity
69,Dream Plan Do Model,When can Courage develop?,"Once you overcome Discomfort, you reach the ""Courage"" step. Courage involves taking bold actions and pushing beyond mediocrity. Courage can only develop after you recognize that Discomfort is beneficial and helps you progress.",after you recognize that discomfort is beneficial and helps you progress
70,Dream Plan Do Model,What is the next step after Courage?,"Next, you arrive at the ""Capability"" step. At this stage, you can confidently say you are skilled at what you do. As you continue to refine your capabilities, you will ultimately reach the top of the staircase: ""Confidence.""",capability
71,Dream Plan Do Model,What can you confidently say at the Capability step?,"Next, you arrive at the ""Capability"" step. At this stage, you can confidently say you are skilled at what you do. As you continue to refine your capabilities, you will ultimately reach the top of the staircase: ""Confidence.""",you are skilled at what you do
72,Dream Plan Do Model,What is the final step of the Confidence Staircase?,"Next, you arrive at the ""Capability"" step. At this stage, you can confidently say you are skilled at what you do. As you continue to refine your capabilities, you will ultimately reach the top of the staircase: ""Confidence.""",confidence
73,Dream Plan Do Model,How do you feel when you achieve the Confidence step?,"When you achieve Confidence, you truly feel like a master of your craft and capable of solving any related challenges.",like a master of your craft and capable of solving any related challenge
"you will ultimately reach the top of the staircase: ""confidence""",Dream Plan Do Model,What happens if you continue to refine your capabilities?,"Next, you arrive at the ""Capability"" step. At this stage, you can confidently say you are skilled at what you do. As you continue to refine your capabilities, you will ultimately reach the top of the staircase: ""Confidence""","you will ultimately reach the top of the staircase: ""confidence"""
75,Dream Plan Do Model,What model can help you achieve a beautiful life?,"Creating a beautiful life can be as simple as incorporating the Dream Plan Do Model, which consists of the following steps:
Start with a dream.
Plan your actions.
Do the necessary steps.",the dream plan do model
76,Dream Plan Do Model,What is the overall goal of using the Dream Plan Do Model?,"Creating a beautiful life can be as simple as incorporating the Dream Plan Do Model, which consists of the following steps:",creating a beautiful life
77,Dream Plan Do Model,What must you do when you first start climbing the Confidence Staircase?,"The Confidence Staircase is made up of mindsets you need to develop to reach higher levels of success. When you first start, you need to be committed to your actions. Commitment is a firm decision or promise to pursue your goals.",be committed to your actions
78,Dream Plan Do Model,What mindset involves making a firm decision or promise?,"The Confidence Staircase is made up of mindsets you need to develop to reach higher levels of success. When you first start, you need to be committed to your actions. Commitment is a firm decision or promise to pursue your goals.",commitment
79,Dream Plan Do Model,Why does Discomfort occur when starting something new?,"After maintaining your commitment for a while, you'll encounter the ""Discomfort"" step. Discomfort arises when you're doing something for the first time or when you're still a beginner. It requires you to be vulnerable and persist even when you don’t feel like it.",doing something for the first time or when you're still a beginner
80,Dream Plan Do Model,What do you need to show when experiencing Discomfort?,"After maintaining your commitment for a while, you'll encounter the ""Discomfort"" step. Discomfort arises when you're doing something for the first time or when you're still a beginner. It requires you to be vulnerable and persist even when you don’t feel like it.",to be vulnerable and persist
81,Dream Plan Do Model,"What do you need to do even when you ""don’t feel like it""?","After maintaining your commitment for a while, you'll encounter the ""Discomfort"" step. Discomfort arises when you're doing something for the first time or when you're still a beginner. It requires you to be vulnerable and persist even when you don’t feel like it.",persist
82,Dream Plan Do Model,What does overcoming Discomfort lead to?,"Once you overcome Discomfort, you reach the ""Courage"" step. Courage involves taking bold actions and pushing beyond mediocrity. Courage can only develop after you recognize that Discomfort is beneficial and helps you progress.",courage
83,Dream Plan Do Model,What can Courage help you do?,"Once you overcome Discomfort, you reach the ""Courage"" step. Courage involves taking bold actions and pushing beyond mediocrity. Courage can only develop after you recognize that Discomfort is beneficial and helps you progress.",taking bold actions and pushing beyond mediocrity
84,Dream Plan Do Model,How can Discomfort be beneficial?,"Once you overcome Discomfort, you reach the ""Courage"" step. Courage involves taking bold actions and pushing beyond mediocrity. Courage can only develop after you recognize that Discomfort is beneficial and helps you progress.",helps you progress
85,Dream Plan Do Model,What step signifies that you are skilled at your craft?,"you will ultimately reach the top of the staircase: ""confidence""",confidence
86,Dream Plan Do Model,What is the benefit of reaching the Capability step?,"Next, you arrive at the ""Capability"" step. At this stage, you can confidently say you are skilled at what you do. As you continue to refine your capabilities, you will ultimately reach the top of the staircase: ""Confidence"".",you can confidently say you are skilled at what you do
87,Dream Plan Do Model,What is the ultimate outcome of refining your capabilities?,"Next, you arrive at the ""Capability"" step. At this stage, you can confidently say you are skilled at what you do. As you continue to refine your capabilities, you will ultimately reach the top of the staircase: ""Confidence"".","you will ultimately reach the top of the staircase: ""confidence"""
88,Dream Plan Do Model,What does Confidence enable you to feel?,"When you achieve Confidence, you truly feel like a master of your craft and capable of solving any related challenges.",like a master of your craft and capable of solving any related challenges
89,Dream Plan Do Model,What is the final destination on the Confidence Staircase?,"Next, you arrive at the ""Capability"" step. At this stage, you can confidently say you are skilled at what you do. As you continue to refine your capabilities, you will ultimately reach the top of the staircase: ""Confidence"".",confidence
90,Dream Plan Do Model,How do you achieve Confidence according to the Confidence Staircase?,"Next, you arrive at the ""Capability"" step. At this stage, you can confidently say you are skilled at what you do. As you continue to refine your capabilities, you will ultimately reach the top of the staircase: ""Confidence"".",as you continue to refine your capabilities
91,Dream Plan Do Model,What is required to proceed when feeling discomfort?,"After maintaining your commitment for a while, you'll encounter the ""Discomfort"" step. Discomfort arises when you're doing something for the first time or when you're still a beginner. It requires you to be vulnerable and persist even when you don’t feel like it.",be vulnerable and persist 
92,Dream Plan Do Model,How can you describe the journey from Discomfort to Courage?,"After maintaining your commitment for a while, you'll encounter the ""Discomfort"" step. Discomfort arises when you're doing something for the first time or when you're still a beginner. It requires you to be vulnerable and persist even when you don’t feel like it.",it requires you to be vulnerable and persist even when you don’t feel like it
93,Dream Plan Do Model,What is the key mindset required when starting any new endeavor?,"The Confidence Staircase is made up of mindsets you need to develop to reach higher levels of success. When you first start, you need to be committed to your actions. Commitment is a firm decision or promise to pursue your goals.",commitment
94,Dream Plan Do Model,What step involves taking bold decisions?,"Once you overcome Discomfort, you reach the ""Courage"" step. Courage involves taking bold actions and pushing beyond mediocrity. Courage can only develop after you recognize that Discomfort is beneficial and helps you progress.",courage
95,Dream Plan Do Model,What does refining your Capability ultimately lead to?,"Next, you arrive at the ""Capability"" step. At this stage, you can confidently say you are skilled at what you do. As you continue to refine your capabilities, you will ultimately reach the top of the staircase: ""Confidence"".","reach the top of the staircase: ""confidence"""
96,Life areas and stories,What is the purpose of creating an Abundant Life Plan?,"Creating an Abundant Life Plan involves a thoughtful process that helps you envision and achieve your goals. By dividing life into key areas and setting clear objectives, students can focus on their ambitions and track their progress.",envision and achieve your goals
97,Life areas and stories,What should students focus on when setting objectives?,"Creating an Abundant Life Plan involves a thoughtful process that helps you envision and achieve your goals. By dividing life into key areas and setting clear objectives, students can focus on their ambitions and track their progress.",their ambitions and track their progress
98,Life areas and stories,What is the first step in creating an Abundant Life Plan?,"First, begin by categorizing the various roles and responsibilities in your life. Some basic divisions could include health, career, leisure, spiritual, relationships, and finance. This segmentation allows you to focus on each area individually and reflect on your ambitions within each domain.",categorizing the various roles and responsibilities in your life
99,Life areas and stories,Name some basic divisions mentioned for segmenting life,"First, begin by categorizing the various roles and responsibilities in your life. Some basic divisions could include health, career, leisure, spiritual, relationships, and finance. This segmentation allows you to focus on each area individually and reflect on your ambitions within each domain.","health, career, leisure, spiritual, relationships, and finance"
100,Life areas and stories,How does segmentation help in creating an Abundant Life Plan?,"First, begin by categorizing the various roles and responsibilities in your life. Some basic divisions could include health, career, leisure, spiritual, relationships, and finance. This segmentation allows you to focus on each area individually and reflect on your ambitions within each domain.",allows you to focus on each area individually and reflect on your ambitions
101,Life areas and stories,How many headlines should you aim to identify for each area?,"Once you have identified these key areas, the next step is to set goals for each one. Aim to identify 3-5 headlines for each area that represent future goals or desires. It is important to think big and be aware of any limiting beliefs that might arise during this process.",3-5 headlines
102,Life areas and stories,What is important to consider when setting goals?,"Once you have identified these key areas, the next step is to set goals for each one. Aim to identify 3-5 headlines for each area that represent future goals or desires. It is important to think big and be aware of any limiting beliefs that might arise during this process.",think big and be aware of any limiting beliefs
103,Life areas and stories,How should you develop a narrative around each goal?,"After setting your headlines, develop a narrative around each goal. This can be written in paragraphs or as bullet points, depending on what works best for you. Enhancing your vision by including pictures that represent scenes from your story can also be helpful.",can be written in paragraphs or as bullet points
104,Life areas and stories,What can enhance your vision of each goal?,"After setting your headlines, develop a narrative around each goal. This can be written in paragraphs or as bullet points, depending on what works best for you. Enhancing your vision by including pictures that represent scenes from your story can also be helpful.",including pictures that represent scenes from your story
105,Life areas and stories,Do you need to tackle all areas simultaneously?,"You don’t have to tackle all areas simultaneously. Instead, concentrate on the area that interests you the most at the moment. This focused approach ensures that you dedicate your energy to what is currently most relevant to you.",concentrate on the area that interests you the most at the moment
106,Life areas and stories,Why is it beneficial to focus on one area at a time?,"You don’t have to tackle all areas simultaneously. Instead, concentrate on the area that interests you the most at the moment. This focused approach ensures that you dedicate your energy to what is currently most relevant to you.",ensures that you dedicate your energy to what is currently most relevant to you
107,Life areas and stories,What does an Abundant Life Plan help you track?,"Creating an Abundant Life Plan involves a thoughtful process that helps you envision and achieve your goals. By dividing life into key areas and setting clear objectives, students can focus on their ambitions and track their progress.",progress
108,Life areas and stories,What does setting clear objectives allow you to do?,"Creating an Abundant Life Plan involves a thoughtful process that helps you envision and achieve your goals. By dividing life into key areas and setting clear objectives, students can focus on their ambitions and track their progress.",focus on their ambitions
109,Life areas and stories,Why is it helpful to include pictures in your plan?,"After setting your headlines, develop a narrative around each goal. This can be written in paragraphs or as bullet points, depending on what works best for you. Enhancing your vision by including pictures that represent scenes from your story can also be helpful.",enhancing your vision by including pictures that represent scenes from your story
110,Life areas and stories,What can a thoughtful process in creating a life plan help you achieve?,"Creating an Abundant Life Plan involves a thoughtful process that helps you envision and achieve your goals. By dividing life into key areas and setting clear objectives, students can focus on their ambitions and track their progress.",your goals
111,Life areas and stories,How should you handle areas that are not immediately relevant?,"You don’t have to tackle all areas simultaneously. Instead, concentrate on the area that interests you the most at the moment. This focused approach ensures that you dedicate your energy to what is currently most relevant to you.","you don’t have to tackle all areas simultaneously. instead, concentrate on the area that interests you the most at the moment"
112,Life areas and stories,What is the role of identifying key areas in your life?,"First, begin by categorizing the various roles and responsibilities in your life. Some basic divisions could include health, career, leisure, spiritual, relationships, and finance. This segmentation allows you to focus on each area individually and reflect on your ambitions within each domain.",focus on each area individually and reflect on your ambitions within each domain
113,Life areas and stories,What should the headlines for each area represent?,"Once you have identified these key areas, the next step is to set goals for each one. Aim to identify 3-5 headlines for each area that represent future goals or desires. It is important to think big and be aware of any limiting beliefs that might arise during this process.",future goals or desires
114,Life areas and stories,How can you write your goals for each area?,"After setting your headlines, develop a narrative around each goal. This can be written in paragraphs or as bullet points, depending on what works best for you. Enhancing your vision by including pictures that represent scenes from your story can also be helpful.","paragraphs or as bullet points, depending on what works best for you"
115,Life areas and stories,What does creating an Abundant Life Plan involve?,"Creating an Abundant Life Plan involves a thoughtful process that helps you envision and achieve your goals. By dividing life into key areas and setting clear objectives, students can focus on their ambitions and track their progress. ",thoughtful process that helps you envision and achieve your goals
116,Life areas and stories,How does categorizing roles and responsibilities help in your life plan?,"First, begin by categorizing the various roles and responsibilities in your life. Some basic divisions could include health, career, leisure, spiritual, relationships, and finance. This segmentation allows you to focus on each area individually and reflect on your ambitions within each domain.",allows you to focus on each area individually
117,Life areas and stories,What is a key benefit of setting clear objectives in your life plan?,"Creating an Abundant Life Plan involves a thoughtful process that helps you envision and achieve your goals. By dividing life into key areas and setting clear objectives, students can focus on their ambitions and track their progress.",track their progress
118,Life areas and stories,What should you do after setting headlines for each area?,"After setting your headlines, develop a narrative around each goal. This can be written in paragraphs or as bullet points, depending on what works best for you. Enhancing your vision by including pictures that represent scenes from your story can also be helpful.",develop a narrative around each goal
119,Life areas and stories,What type of approach ensures dedicated energy to relevant areas?,"You don’t have to tackle all areas simultaneously. Instead, concentrate on the area that interests you the most at the moment. This focused approach ensures that you dedicate your energy to what is currently most relevant to you.",focused approach
120,Life areas and stories,What should you be aware of when thinking big while setting goals?,"Once you have identified these key areas, the next step is to set goals for each one. Aim to identify 3-5 headlines for each area that represent future goals or desires. It is important to think big and be aware of any limiting beliefs that might arise during this process.",limiting beliefs
121,Life areas and stories,How can segmentation of life areas aid in creating an abundant life plan?,"First, begin by categorizing the various roles and responsibilities in your life. Some basic divisions could include health, career, leisure, spiritual, relationships, and finance. This segmentation allows you to focus on each area individually and reflect on your ambitions within each domain.",reflect on your ambitions within each domain
122,Life areas and stories,What does the narrative around each goal help to enhance?,"After setting your headlines, develop a narrative around each goal. This can be written in paragraphs or as bullet points, depending on what works best for you. Enhancing your vision by including pictures that represent scenes from your story can also be helpful.",your vision
123,Life areas and stories,What basic divisions are suggested for categorizing life?,"First, begin by categorizing the various roles and responsibilities in your life. Some basic divisions could include health, career, leisure, spiritual, relationships, and finance. This segmentation allows you to focus on each area individually and reflect on your ambitions within each domain.","health, career, leisure, spiritual, relationships, and finance"
124,Life areas and stories, Can the narrative for each goal be in bullet points?,"After setting your headlines, develop a narrative around each goal. This can be written in paragraphs or as bullet points, depending on what works best for you. Enhancing your vision by including pictures that represent scenes from your story can also be helpful.",this can be written in paragraphs or as bullet points
125,Life areas and stories,What should the focus be when categorizing life areas?,"First, begin by categorizing the various roles and responsibilities in your life. Some basic divisions could include health, career, leisure, spiritual, relationships, and finance. This segmentation allows you to focus on each area individually and reflect on your ambitions within each domain.",roles and responsibilities
126,Life areas and stories,Why should you concentrate on the area that interests you the most?,"You don’t have to tackle all areas simultaneously. Instead, concentrate on the area that interests you the most at the moment. This focused approach ensures that you dedicate your energy to what is currently most relevant to you.",ensures that you dedicate your energy to what is currently most relevant to you
127,Life areas and stories,What can including pictures in your life plan assist with?,"After setting your headlines, develop a narrative around each goal. This can be written in paragraphs or as bullet points, depending on what works best for you. Enhancing your vision by including pictures that represent scenes from your story can also be helpful.",represent scenes from your story
128,Life areas and stories,How should goals be set for each key area?,"Once you have identified these key areas, the next step is to set goals for each one. Aim to identify 3-5 headlines for each area that represent future goals or desires. It is important to think big and be aware of any limiting beliefs that might arise during this process.",identify 3-5 headlines
129,Life areas and stories,What type of approach should you avoid when tackling all areas?,"You don’t have to tackle all areas simultaneously. Instead, concentrate on the area that interests you the most at the moment. This focused approach ensures that you dedicate your energy to what is currently most relevant to you.",tackle all areas simultaneously
130,Life areas and stories,Why is it important to set goals for each area?,"Once you have identified these key areas, the next step is to set goals for each one. Aim to identify 3-5 headlines for each area that represent future goals or desires. It is important to think big and be aware of any limiting beliefs that might arise during this process.",desires
131,Life areas and stories,What does reflecting on ambitions within each domain allow?,"Creating an Abundant Life Plan involves a thoughtful process that helps you envision and achieve your goals. By dividing life into key areas and setting clear objectives, students can focus on their ambitions and track their progress.",track their progress
132,Life areas and stories,How can writing your goals in paragraphs be beneficial?,"After setting your headlines, develop a narrative around each goal. This can be written in paragraphs or as bullet points, depending on what works best for you. Enhancing your vision by including pictures that represent scenes from your story can also be helpful.",enhancing your vision
133,Life areas and stories,What is a key outcome of a thoughtful life plan process?,"Creating an Abundant Life Plan involves a thoughtful process that helps you envision and achieve your goals. By dividing life into key areas and setting clear objectives, students can focus on their ambitions and track their progress.",envision and achieve your goals
134,Life areas and stories,What should be the content of headlines for each area?,"Once you have identified these key areas, the next step is to set goals for each one. Aim to identify 3-5 headlines for each area that represent future goals or desires. It is important to think big and be aware of any limiting beliefs that might arise during this process.",future goals or desires
135,Backcasting and 80/20 rule,What is the next crucial step mentioned in the text?,"Backcasting is the next crucial step. This involves envisioning your end goal and working backward to your current situation. Although this method may seem counterintuitive, it helps you outline the steps needed to achieve your goal, providing a clear picture of the journey ahead.",backcasting
136,Backcasting and 80/20 rule,What does backcasting involve?,"Backcasting is the next crucial step. This involves envisioning your end goal and working backward to your current situation. Although this method may seem counterintuitive, it helps you outline the steps needed to achieve your goal, providing a clear picture of the journey ahead.",envisioning your end goal and working backward to your current situation
137,Backcasting and 80/20 rule,Why is backcasting considered helpful?,"Backcasting is the next crucial step. This involves envisioning your end goal and working backward to your current situation. Although this method may seem counterintuitive, it helps you outline the steps needed to achieve your goal, providing a clear picture of the journey ahead.","helps you outline the steps needed to achieve your goal, providing a clear picture of the journey ahead"
138,Backcasting and 80/20 rule,What is essential for achieving your goals according to the text?,"Identifying the necessary capabilities, habits, and mindsets to achieve your goals is essential. Look to role models who have achieved similar goals and learn from their experiences. Determine what skills, habits, and mindsets are required to follow the steps toward your goal. Consider finding mentors to guide you on your journey, as their insights can be invaluable.","identifying the necessary capabilities, habits, and mindsets"
139,Backcasting and 80/20 rule,From whom should you learn when trying to achieve your goals?,"Identifying the necessary capabilities, habits, and mindsets to achieve your goals is essential. Look to role models who have achieved similar goals and learn from their experiences. Determine what skills, habits, and mindsets are required to follow the steps toward your goal. Consider finding mentors to guide you on your journey, as their insights can be invaluable.",role models who have achieved similar goals
140,Backcasting and 80/20 rule,What should you determine to follow the steps toward your goal?,"Identifying the necessary capabilities, habits, and mindsets to achieve your goals is essential. Look to role models who have achieved similar goals and learn from their experiences. Determine what skills, habits, and mindsets are required to follow the steps toward your goal. Consider finding mentors to guide you on your journey, as their insights can be invaluable.","what skills, habits, and mindsets are required"
141,Backcasting and 80/20 rule,Who can provide invaluable insights on your journey?,"Identifying the necessary capabilities, habits, and mindsets to achieve your goals is essential. Look to role models who have achieved similar goals and learn from their experiences. Determine what skills, habits, and mindsets are required to follow the steps toward your goal. Consider finding mentors to guide you on your journey, as their insights can be invaluable.",mentors
142,Backcasting and 80/20 rule,What rule is recommended to make the most of your efforts?,"To make the most of your efforts, apply the 80/20 rule, which suggests that 20% of your efforts will yield 80% of the results. Focus on the key areas of action that will provide the most value. Concentrate on what you do best and delegate or collaborate on the rest.",the 80/20 rule
143,Backcasting and 80/20 rule,"According to the 80/20 rule, what percentage of efforts yield 80% of the results?","To make the most of your efforts, apply the 80/20 rule, which suggests that 20% of your efforts will yield 80% of the results. Focus on the key areas of action that will provide the most value. Concentrate on what you do best and delegate or collaborate on the rest.",20%
144,Backcasting and 80/20 rule,On what should you focus to provide the most value?,"To make the most of your efforts, apply the 80/20 rule, which suggests that 20% of your efforts will yield 80% of the results. Focus on the key areas of action that will provide the most value. Concentrate on what you do best and delegate or collaborate on the rest.",key areas of action
145,Backcasting and 80/20 rule,What should you concentrate on doing best?,"To make the most of your efforts, apply the 80/20 rule, which suggests that 20% of your efforts will yield 80% of the results. Focus on the key areas of action that will provide the most value. Concentrate on what you do best and delegate or collaborate on the rest.",what you do best
146,Backcasting and 80/20 rule,What should you do with tasks that you are not best at?,"To make the most of your efforts, apply the 80/20 rule, which suggests that 20% of your efforts will yield 80% of the results. Focus on the key areas of action that will provide the most value. Concentrate on what you do best and delegate or collaborate on the rest.",delegate or collaborate on the rest
147,Backcasting and 80/20 rule,What does the 80/20 rule suggest about efforts and results?,"To make the most of your efforts, apply the 80/20 rule, which suggests that 20% of your efforts will yield 80% of the results. Focus on the key areas of action that will provide the most value. Concentrate on what you do best and delegate or collaborate on the rest.",20% of your efforts will yield 80% of the results
148,Backcasting and 80/20 rule,Why should you look to role models according to the text?,"Identifying the necessary capabilities, habits, and mindsets to achieve your goals is essential. Look to role models who have achieved similar goals and learn from their experiences. Determine what skills, habits, and mindsets are required to follow the steps toward your goal. Consider finding mentors to guide you on your journey, as their insights can be invaluable.",learn from their experiences
149,Backcasting and 80/20 rule,What is the benefit of finding mentors on your journey?,"Identifying the necessary capabilities, habits, and mindsets to achieve your goals is essential. Look to role models who have achieved similar goals and learn from their experiences. Determine what skills, habits, and mindsets are required to follow the steps toward your goal. Consider finding mentors to guide you on your journey, as their insights can be invaluable.",their insights can be invaluable
150,Backcasting and 80/20 rule,How does backcasting provide a clear picture of the journey ahead?,"Backcasting is the next crucial step. This involves envisioning your end goal and working backward to your current situation. Although this method may seem counterintuitive, it helps you outline the steps needed to achieve your goal, providing a clear picture of the journey ahead.",outline the steps needed to achieve your goal
151,Backcasting and 80/20 rule,What should you focus on to make the most of your efforts according to the 80/20 rule?,"To make the most of your efforts, apply the 80/20 rule, which suggests that 20% of your efforts will yield 80% of the results. Focus on the key areas of action that will provide the most value. Concentrate on what you do best and delegate or collaborate on the rest.",the key areas of action that will provide the most value
152,Backcasting and 80/20 rule,What is the main benefit of backcasting?,"Backcasting is the next crucial step. This involves envisioning your end goal and working backward to your current situation. Although this method may seem counterintuitive, it helps you outline the steps needed to achieve your goal, providing a clear picture of the journey ahead.",outline the steps needed to achieve your goal
153,Backcasting and 80/20 rule,What should you identify to achieve your goals?,"Identifying the necessary capabilities, habits, and mindsets to achieve your goals is essential. Look to role models who have achieved similar goals and learn from their experiences. Determine what skills, habits, and mindsets are required to follow the steps toward your goal. Consider finding mentors to guide you on your journey, as their insights can be invaluable.","necessary capabilities, habits, and mindsets"
154,Backcasting and 80/20 rule,"How can you make the most of your efforts?
","To make the most of your efforts, apply the 80/20 rule, which suggests that 20% of your efforts will yield 80% of the results. Focus on the key areas of action that will provide the most value. Concentrate on what you do best and delegate or collaborate on the rest.", apply the 80/20 rule
155,Backcasting and 80/20 rule,What might seem counterintuitive about backcasting?,"Backcasting is the next crucial step. This involves envisioning your end goal and working backward to your current situation. Although this method may seem counterintuitive, it helps you outline the steps needed to achieve your goal, providing a clear picture of the journey ahead.",envisioning your end goal and working backward to your current situation
156,Backcasting and 80/20 rule,What does envisioning your end goal help you to do?,"Backcasting is the next crucial step. This involves envisioning your end goal and working backward to your current situation. Although this method may seem counterintuitive, it helps you outline the steps needed to achieve your goal, providing a clear picture of the journey ahead.",outline the steps needed to achieve your goal
157,Backcasting and 80/20 rule,Why should you consider finding mentors?,"Identifying the necessary capabilities, habits, and mindsets to achieve your goals is essential. Look to role models who have achieved similar goals and learn from their experiences. Determine what skills, habits, and mindsets are required to follow the steps toward your goal. Consider finding mentors to guide you on your journey, as their insights can be invaluable.",their insights can be invaluable
158,Backcasting and 80/20 rule,"What are the three key elements to identify for achieving goals?
","Identifying the necessary capabilities, habits, and mindsets to achieve your goals is essential. Look to role models who have achieved similar goals and learn from their experiences. Determine what skills, habits, and mindsets are required to follow the steps toward your goal. Consider finding mentors to guide you on your journey, as their insights can be invaluable.","capabilities, habits, and mindsets"
159,Backcasting and 80/20 rule,How can learning from role models help you?,"Identifying the necessary capabilities, habits, and mindsets to achieve your goals is essential. Look to role models who have achieved similar goals and learn from their experiences. Determine what skills, habits, and mindsets are required to follow the steps toward your goal. Consider finding mentors to guide you on your journey, as their insights can be invaluable.","determine what skills, habits, and mindsets are required"
160,Backcasting and 80/20 rule,What should you focus on according to the 80/20 rule?,"To make the most of your efforts, apply the 80/20 rule, which suggests that 20% of your efforts will yield 80% of the results. Focus on the key areas of action that will provide the most value. Concentrate on what you do best and delegate or collaborate on the rest.",the key areas of action that will provide the most value
161,Backcasting and 80/20 rule,What does the text suggest about delegating tasks?,"To make the most of your efforts, apply the 80/20 rule, which suggests that 20% of your efforts will yield 80% of the results. Focus on the key areas of action that will provide the most value. Concentrate on what you do best and delegate or collaborate on the rest.",delegate or collaborate on the rest
162,Backcasting and 80/20 rule,"What is the purpose of collaborating on tasks?
","To make the most of your efforts, apply the 80/20 rule, which suggests that 20% of your efforts will yield 80% of the results. Focus on the key areas of action that will provide the most value. Concentrate on what you do best and delegate or collaborate on the rest.",focus on the key areas of action that will provide the most value
163,Backcasting and 80/20 rule,How can backcasting provide a clear picture of the journey ahead?,"Backcasting is the next crucial step. This involves envisioning your end goal and working backward to your current situation. Although this method may seem counterintuitive, it helps you outline the steps needed to achieve your goal, providing a clear picture of the journey ahead.",outline the steps needed to achieve your goal
164,Backcasting and 80/20 rule,What should you do with tasks outside your strengths?,"To make the most of your efforts, apply the 80/20 rule, which suggests that 20% of your efforts will yield 80% of the results. Focus on the key areas of action that will provide the most value. Concentrate on what you do best and delegate or collaborate on the rest.",delegate or collaborate
165,Backcasting and 80/20 rule,What does focusing on what you do best help achieve?,"To make the most of your efforts, apply the 80/20 rule, which suggests that 20% of your efforts will yield 80% of the results. Focus on the key areas of action that will provide the most value. Concentrate on what you do best and delegate or collaborate on the rest.",provide the most value
166,Backcasting and 80/20 rule,How does the 80/20 rule help in goal achievement?,"To make the most of your efforts, apply the 80/20 rule, which suggests that 20% of your efforts will yield 80% of the results. Focus on the key areas of action that will provide the most value. Concentrate on what you do best and delegate or collaborate on the rest.",focus on the key areas of action that will provide the most value
167,Backcasting and 80/20 rule,What should you determine from role models' experiences?,"Identifying the necessary capabilities, habits, and mindsets to achieve your goals is essential. Look to role models who have achieved similar goals and learn from their experiences. Determine what skills, habits, and mindsets are required to follow the steps toward your goal. Consider finding mentors to guide you on your journey, as their insights can be invaluable.","skills, habits, and mindsets are required to follow the steps toward your goal"
168,Backcasting and 80/20 rule,What is the main strategy recommended to achieve goals efficiently?,"To make the most of your efforts, apply the 80/20 rule, which suggests that 20% of your efforts will yield 80% of the results. Focus on the key areas of action that will provide the most value. Concentrate on what you do best and delegate or collaborate on the rest.",apply the 80/20 rule
169,Backcasting and 80/20 rule,What is the benefit of having a clear picture of the journey ahead?,"Backcasting is the next crucial step. This involves envisioning your end goal and working backward to your current situation. Although this method may seem counterintuitive, it helps you outline the steps needed to achieve your goal, providing a clear picture of the journey ahead.",it helps you outline the steps needed to achieve your goal
170,Backcasting and 80/20 rule,What does the 80/20 rule imply about effort and impact?,"To make the most of your efforts, apply the 80/20 rule, which suggests that 20% of your efforts will yield 80% of the results. Focus on the key areas of action that will provide the most value. Concentrate on what you do best and delegate or collaborate on the rest.",20% of your efforts will yield 80% of the results
171,Backcasting and 80/20 rule,Why is identifying necessary capabilities important?,"Identifying the necessary capabilities, habits, and mindsets to achieve your goals is essential. Look to role models who have achieved similar goals and learn from their experiences. Determine what skills, habits, and mindsets are required to follow the steps toward your goal. Consider finding mentors to guide you on your journey, as their insights can be invaluable.",to achieve your goals
172,Backcasting and 80/20 rule,What can role models provide besides experience?,"Identifying the necessary capabilities, habits, and mindsets to achieve your goals is essential. Look to role models who have achieved similar goals and learn from their experiences. Determine what skills, habits, and mindsets are required to follow the steps toward your goal. Consider finding mentors to guide you on your journey, as their insights can be invaluable.","necessary capabilities, habits, and mindsets"
173,Backcasting and 80/20 rule,How can mentors assist you on your journey?,"Identifying the necessary capabilities, habits, and mindsets to achieve your goals is essential. Look to role models who have achieved similar goals and learn from their experiences. Determine what skills, habits, and mindsets are required to follow the steps toward your goal. Consider finding mentors to guide you on your journey, as their insights can be invaluable.","guide you on your journey, as their insights can be invaluable"
174,Backcasting and 80/20 rule,What is a key takeaway from the 80/20 rule in achieving goals?,"To make the most of your efforts, apply the 80/20 rule, which suggests that 20% of your efforts will yield 80% of the results. Focus on the key areas of action that will provide the most value. Concentrate on what you do best and delegate or collaborate on the rest.",20% of your efforts will yield 80% of the results
175,Summary,What is the first step in developing an Abundant Life Plan?,"In summary, developing an Abundant Life Plan involves dividing your life into key areas, writing headlines and stories for your goals in each area, backcasting your journey from the achieved goals to your current situation, and identifying the necessary capabilities, habits, and mindsets by researching role models.",dividing your life into key areas
176,Summary,What should you write for your goals in each key area of your life?,"In summary, developing an Abundant Life Plan involves dividing your life into key areas, writing headlines and stories for your goals in each area, backcasting your journey from the achieved goals to your current situation, and identifying the necessary capabilities, habits, and mindsets by researching role models.",headlines and stories
177,Summary,What method involves planning backward from your achieved goals to your current situation?,"In summary, developing an Abundant Life Plan involves dividing your life into key areas, writing headlines and stories for your goals in each area, backcasting your journey from the achieved goals to your current situation, and identifying the necessary capabilities, habits, and mindsets by researching role models.",backcasting
178,Summary,"Who should you research to identify necessary capabilities, habits, and mindsets?","In summary, developing an Abundant Life Plan involves dividing your life into key areas, writing headlines and stories for your goals in each area, backcasting your journey from the achieved goals to your current situation, and identifying the necessary capabilities, habits, and mindsets by researching role models.",role models
179,Summary,What is the next crucial step after developing your Abundant Life Plan?,"However, developing the plan is only the beginning. The next crucial step is to take action. Choose one specific action in one area of your life that will help you develop the necessary capabilities, habits, and mindsets. Commit to this action for the next 90 days. These 90-day sprints allow you to implement your plan, reflect on your progress, and reassess your goals.",take action
180,Summary,"How long should you commit to a specific action to develop necessary capabilities, habits, and mindsets?","However, developing the plan is only the beginning. The next crucial step is to take action. Choose one specific action in one area of your life that will help you develop the necessary capabilities, habits, and mindsets. Commit to this action for the next 90 days. These 90-day sprints allow you to implement your plan, reflect on your progress, and reassess your goals.",90 days
181,Summary,What are these 90-day commitments referred to as?,"However, developing the plan is only the beginning. The next crucial step is to take action. Choose one specific action in one area of your life that will help you develop the necessary capabilities, habits, and mindsets. Commit to this action for the next 90 days. These 90-day sprints allow you to implement your plan, reflect on your progress, and reassess your goals.",90-day sprints
182,Summary,What should you do during these 90-day sprints?,"However, developing the plan is only the beginning. The next crucial step is to take action. Choose one specific action in one area of your life that will help you develop the necessary capabilities, habits, and mindsets. Commit to this action for the next 90 days. These 90-day sprints allow you to implement your plan, reflect on your progress, and reassess your goals.","implement your plan, reflect on your progress, and reassess your goals"
183,Summary,What will following these steps help you achieve?,"By following these steps, you’ll be well on your way to achieving an abundant and fulfilling life. Start now, take action, and embrace the journey toward your goals.",an abundant and fulfilling life
184,Summary,When should you start taking action towards your goals?,"By following these steps, you’ll be well on your way to achieving an abundant and fulfilling life. Start now, take action, and embrace the journey toward your goals.",now
185,Summary,What does backcasting your journey involve?,"In summary, developing an Abundant Life Plan involves dividing your life into key areas, writing headlines and stories for your goals in each area, backcasting your journey from the achieved goals to your current situation, and identifying the necessary capabilities, habits, and mindsets by researching role models.",from the achieved goals to your current situation
186,Summary,Why should you choose one specific action in one area of your life initially?,"However, developing the plan is only the beginning. The next crucial step is to take action. Choose one specific action in one area of your life that will help you develop the necessary capabilities, habits, and mindsets. Commit to this action for the next 90 days. These 90-day sprints allow you to implement your plan, reflect on your progress, and reassess your goals.","help you develop the necessary capabilities, habits, and mindsets"
187,Summary,How does the text describe the process of achieving your goals?,"By following these steps, you’ll be well on your way to achieving an abundant and fulfilling life. Start now, take action, and embrace the journey toward your goals.",embrace the journey toward your goals
188,Summary,What is the purpose of reflecting on your progress during the 90-day sprints?,"However, developing the plan is only the beginning. The next crucial step is to take action. Choose one specific action in one area of your life that will help you develop the necessary capabilities, habits, and mindsets. Commit to this action for the next 90 days. These 90-day sprints allow you to implement your plan, reflect on your progress, and reassess your goals.",reassess your goals
189,Summary,What should you do after developing your Abundant Life Plan and taking action?,"However, developing the plan is only the beginning. The next crucial step is to take action. Choose one specific action in one area of your life that will help you develop the necessary capabilities, habits, and mindsets. Commit to this action for the next 90 days. These 90-day sprints allow you to implement your plan, reflect on your progress, and reassess your goals.","reflect on your progress, and reassess your goals"
190,Summary,What do the 90-day sprints allow you to do with your plan?,"However, developing the plan is only the beginning. The next crucial step is to take action. Choose one specific action in one area of your life that will help you develop the necessary capabilities, habits, and mindsets. Commit to this action for the next 90 days. These 90-day sprints allow you to implement your plan, reflect on your progress, and reassess your goals.",implement your plan
191,Summary,What should be the outcome of following the steps in the text?,"By following these steps, you’ll be well on your way to achieving an abundant and fulfilling life. Start now, take action, and embrace the journey toward your goals.",achieving an abundant and fulfilling life
192,Summary,What kind of life does the Abundant Life Plan aim to help you achieve?,"By following these steps, you’ll be well on your way to achieving an abundant and fulfilling life. Start now, take action, and embrace the journey toward your goals.",an abundant and fulfilling life
193,Summary,What mindset should you have towards your goals according to the text?,"By following these steps, you’ll be well on your way to achieving an abundant and fulfilling life. Start now, take action, and embrace the journey toward your goals.",embrace the journey
194,Summary,How does the text recommend starting the journey toward your goals?,"By following these steps, you’ll be well on your way to achieving an abundant and fulfilling life. Start now, take action, and embrace the journey toward your goals.","start now, take action"
195,Summary,What is involved in developing an Abundant Life Plan?,"In summary, developing an Abundant Life Plan involves dividing your life into key areas, writing headlines and stories for your goals in each area, backcasting your journey from the achieved goals to your current situation, and identifying the necessary capabilities, habits, and mindsets by researching role models.","dividing your life into key areas, writing headlines and stories for your goals in each area, backcasting"
196,Summary,What is the purpose of writing headlines and stories for your goals?,"In summary, developing an Abundant Life Plan involves dividing your life into key areas, writing headlines and stories for your goals in each area, backcasting your journey from the achieved goals to your current situation, and identifying the necessary capabilities, habits, and mindsets by researching role models.",developing an abundant life plan
197,Summary,What is the significance of researching role models in developing an Abundant Life Plan?,"In summary, developing an Abundant Life Plan involves dividing your life into key areas, writing headlines and stories for your goals in each area, backcasting your journey from the achieved goals to your current situation, and identifying the necessary capabilities, habits, and mindsets by researching role models.","identifying the necessary capabilities, habits, and mindsets"
198,Summary,What follows after backcasting your journey from achieved goals to your current situation?,"In summary, developing an Abundant Life Plan involves dividing your life into key areas, writing headlines and stories for your goals in each area, backcasting your journey from the achieved goals to your current situation, and identifying the necessary capabilities, habits, and mindsets by researching role models.","identifying the necessary capabilities, habits, and mindsets"
199,Summary,What is a crucial step after developing the Abundant Life Plan?,"By following these steps, you’ll be well on your way to achieving an abundant and fulfilling life. Start now, take action, and embrace the journey toward your goals.",take action
200,Summary,How do you implement the Abundant Life Plan?,"However, developing the plan is only the beginning. The next crucial step is to take action. Choose one specific action in one area of your life that will help you develop the necessary capabilities, habits, and mindsets. Commit to this action for the next 90 days. These 90-day sprints allow you to implement your plan, reflect on your progress, and reassess your goals.",choose one specific action in one area of your life
201,Summary,What is the purpose of the 90-day sprints?,"However, developing the plan is only the beginning. The next crucial step is to take action. Choose one specific action in one area of your life that will help you develop the necessary capabilities, habits, and mindsets. Commit to this action for the next 90 days. These 90-day sprints allow you to implement your plan, reflect on your progress, and reassess your goals.",commit to this action
202,Summary,What does the text suggest you do to start your journey toward your goals?,"By following these steps, you’ll be well on your way to achieving an abundant and fulfilling life. Start now, take action, and embrace the journey toward your goals.","start now, take action"
203,Summary,What mindset should you embrace according to the text?,"By following these steps, you’ll be well on your way to achieving an abundant and fulfilling life. Start now, take action, and embrace the journey toward your goals.",embrace the journey toward your goals
204,Summary,How often should you reassess your goals according to the plan?,"However, developing the plan is only the beginning. The next crucial step is to take action. Choose one specific action in one area of your life that will help you develop the necessary capabilities, habits, and mindsets. Commit to this action for the next 90 days. These 90-day sprints allow you to implement your plan, reflect on your progress, and reassess your goals.",90 days
205,Summary,What is the initial action step in implementing your Abundant Life Plan?,"However, developing the plan is only the beginning. The next crucial step is to take action. Choose one specific action in one area of your life that will help you develop the necessary capabilities, habits, and mindsets. Commit to this action for the next 90 days. These 90-day sprints allow you to implement your plan, reflect on your progress, and reassess your goals.",choose one specific action in one area of your life
206,Summary,What kind of progress should you reflect on during the 90-day sprints?,"However, developing the plan is only the beginning. The next crucial step is to take action. Choose one specific action in one area of your life that will help you develop the necessary capabilities, habits, and mindsets. Commit to this action for the next 90 days. These 90-day sprints allow you to implement your plan, reflect on your progress, and reassess your goals.","implement your plan, reflect on your progress, and reassess your goals"
207,Summary,What should you do if you find your goals need adjustment during the 90-day sprints?,"However, developing the plan is only the beginning. The next crucial step is to take action. Choose one specific action in one area of your life that will help you develop the necessary capabilities, habits, and mindsets. Commit to this action for the next 90 days. These 90-day sprints allow you to implement your plan, reflect on your progress, and reassess your goals.",reassess your goals
208,Summary,What is backcasting useful for in your life planning?,"In summary, developing an Abundant Life Plan involves dividing your life into key areas, writing headlines and stories for your goals in each area, backcasting your journey from the achieved goals to your current situation, and identifying the necessary capabilities, habits, and mindsets by researching role models.",backcasting your journey from the achieved goals to your current situation
209,Summary,Why is it important to divide your life into key areas when developing the plan?,"In summary, developing an Abundant Life Plan involves dividing your life into key areas, writing headlines and stories for your goals in each area, backcasting your journey from the achieved goals to your current situation, and identifying the necessary capabilities, habits, and mindsets by researching role models.",writing headlines and stories for your goals in each area
210,Summary,What are the key components to focus on in each 90-day sprint?,"However, developing the plan is only the beginning. The next crucial step is to take action. Choose one specific action in one area of your life that will help you develop the necessary capabilities, habits, and mindsets. Commit to this action for the next 90 days. These 90-day sprints allow you to implement your plan, reflect on your progress, and reassess your goals.","capabilities, habits, and mindsets"
211,Summary,What is the ultimate goal of following the Abundant Life Plan?,"By following these steps, you’ll be well on your way to achieving an abundant and fulfilling life. Start now, take action, and embrace the journey toward your goals.",achieving an abundant and fulfilling life
212,Summary,What is the first action step in the next crucial step after developing the plan?,"However, developing the plan is only the beginning. The next crucial step is to take action. Choose one specific action in one area of your life that will help you develop the necessary capabilities, habits, and mindsets. Commit to this action for the next 90 days. These 90-day sprints allow you to implement your plan, reflect on your progress, and reassess your goals.",choose one specific action
213,Summary,What is essential to commit to for the next 90 days to start the journey?,"However, developing the plan is only the beginning. The next crucial step is to take action. Choose one specific action in one area of your life that will help you develop the necessary capabilities, habits, and mindsets. Commit to this action for the next 90 days. These 90-day sprints allow you to implement your plan, reflect on your progress, and reassess your goals.",one specific action in one area of your life
214,Summary,How does the text suggest you handle the journey towards your goals?,"By following these steps, you’ll be well on your way to achieving an abundant and fulfilling life. Start now, take action, and embrace the journey toward your goals.",embrace the journey toward your goals